{"labels": [1, 1, 1, 1, 0, 1, 1, 0, 1, 1, 1, 1, 0, 1, 1, 0, 1, 0, 0, 1, 0, 0, 0, 1, 1, 0, 0, 1, 0, 1, 0, 1, 0, 1, 0, 0, 1, 0, 1, 0, 1, 0, 0, 0, 0, 0, 1, 0, 0, 0, 1, 0, 1, 0], "scores": [0.43090203404426575, 0.3503262400627136, 0.31002289056777954, 0.2810249328613281, 0.23233802616596222, 0.21212440729141235, 0.20937010645866394, 0.1979411393404007, 0.1545800268650055, 0.14818179607391357, 0.14703023433685303, 0.14256057143211365, 0.1331752985715866, 0.12275821715593338, 0.11721927672624588, 0.11642960458993912, 0.11308347433805466, 0.10918325930833817, 0.10466202348470688, 0.09907278418540955, 0.09848640859127045, 0.09766923636198044, 0.09346183389425278, 0.09344937652349472, 0.09112738817930222, 0.09102223813533783, 0.08789732307195663, 0.08739195019006729, 0.0864645317196846, 0.08420085906982422, 0.08374258875846863, 0.07750338315963745, 0.07745364308357239, 0.07680711150169373, 0.0759614035487175, 0.07507719844579697, 0.07220067828893661, 0.07140947878360748, 0.06653723120689392, 0.06538580358028412, 0.06366465240716934, 0.06353148818016052, 0.061167605221271515, 0.058189909905195236, 0.05638492479920387, 0.05613506957888603, 0.05491074547171593, 0.05418572574853897, 0.054097894579172134, 0.053939249366521835, 0.053070373833179474, 0.052389249205589294, 0.0520227774977684, 0.05106189101934433], "bboxes": [[387.8670349121094, 274.1434020996094, 437.1514892578125, 340.4687194824219], [360.5587463378906, 379.38787841796875, 386.49273681640625, 475.9678955078125], [393.1567687988281, 290.97857666015625, 453.8242492675781, 346.77789306640625], [385.3363952636719, 280.1750183105469, 479.6575012207031, 339.0635681152344], [358.2337951660156, 377.07293701171875, 388.03729248046875, 476.5982360839844], [414.919677734375, 278.3768310546875, 452.5280456542969, 341.3008117675781], [379.92242431640625, 261.54254150390625, 458.5737609863281, 328.94903564453125], [388.8103942871094, 278.5105285644531, 447.3241271972656, 340.2342529296875], [402.24139404296875, 272.638916015625, 454.3236083984375, 321.4945373535156], [345.9835510253906, 364.4350891113281, 387.3222351074219, 464.5369567871094], [361.260986328125, 389.2572021484375, 401.45721435546875, 492.4376525878906], [352.5771179199219, 385.45477294921875, 377.2250671386719, 478.8157043457031], [399.1073303222656, 287.9192810058594, 437.7573547363281, 351.77972412109375], [372.4598693847656, 271.526611328125, 427.4888610839844, 356.9821472167969], [373.5284118652344, 275.13580322265625, 443.7796630859375, 315.6089782714844], [378.93011474609375, 281.1746826171875, 426.9415283203125, 333.3303527832031], [358.5989990234375, 408.7535400390625, 394.7681884765625, 468.17425537109375], [369.1337585449219, 397.65509033203125, 389.5262451171875, 485.6371154785156], [406.5057373046875, 271.290283203125, 452.72894287109375, 321.4525146484375], [351.77374267578125, 265.2015075683594, 466.15765380859375, 360.4421081542969], [376.9761657714844, 274.28564453125, 440.69140625, 315.36529541015625], [418.4381103515625, 277.0115966796875, 451.3457946777344, 342.9356689453125], [363.05987548828125, 370.4605712890625, 385.57489013671875, 443.0342712402344], [368.4473571777344, 417.7694091796875, 382.4542236328125, 472.3398742675781], [384.4622802734375, 286.5374755859375, 417.0522766113281, 347.4870300292969], [353.6907958984375, 384.15362548828125, 375.5654602050781, 480.567138671875], [355.7129211425781, 367.3169860839844, 379.6889343261719, 453.7784729003906], [362.56964111328125, 415.73663330078125, 378.1648864746094, 472.4374084472656], [369.3141784667969, 417.371826171875, 381.8512878417969, 473.1529235839844], [334.66644287109375, 285.8658447265625, 451.7841796875, 343.65509033203125], [363.3731384277344, 415.43292236328125, 377.3250732421875, 473.1083984375], [356.55145263671875, 417.548095703125, 384.6855163574219, 483.2644958496094], [363.8057861328125, 388.53472900390625, 400.1845397949219, 495.366455078125], [358.0058288574219, 368.3594665527344, 383.4920654296875, 437.06304931640625], [382.07684326171875, 288.3350524902344, 476.7763671875, 352.9574279785156], [347.24725341796875, 391.98712158203125, 385.1321105957031, 504.8182067871094], [356.8096923828125, 380.9045715332031, 403.58477783203125, 448.77020263671875], [382.0542907714844, 278.8196105957031, 430.70196533203125, 372.467041015625], [440.0626525878906, 286.4078369140625, 450.8419494628906, 331.63006591796875], [369.74786376953125, 252.27468872070312, 449.45574951171875, 329.911865234375], [402.0712890625, 277.5353088378906, 461.7397155761719, 376.3268737792969], [358.0962219238281, 417.2035827636719, 383.3601989746094, 484.79547119140625], [393.8104248046875, 304.11602783203125, 460.58551025390625, 341.9588623046875], [386.10919189453125, 286.1664123535156, 414.62933349609375, 348.9213562011719], [355.92218017578125, 262.63580322265625, 461.8211669921875, 363.52581787109375], [373.1299133300781, 395.5323791503906, 383.26531982421875, 447.8861389160156], [361.7419128417969, 446.7487487792969, 386.1138000488281, 472.5269470214844], [363.8839111328125, 383.23968505859375, 375.63140869140625, 433.77117919921875], [338.6903991699219, 374.6720275878906, 395.6887512207031, 470.6536865234375], [362.9116516113281, 446.38397216796875, 385.1796875, 472.9970397949219], [363.1776428222656, 384.0724182128906, 376.2508544921875, 433.4857177734375], [370.3328552246094, 386.7105712890625, 381.3770751953125, 435.9422912597656], [387.246337890625, 283.2099304199219, 398.8973388671875, 328.599365234375], [440.631591796875, 285.5074462890625, 450.4408874511719, 332.58660888671875]], "masks": [{"size": [512, 512], "counts": "aYT67f?7I4M5L2N2M5L2N101N2N2N2O0O2N101N2O1N2O0O1000001N10O101OO1001O00000O1O1O2O0O101N102N1M3NPWU1"}, {"size": [512, 512], "counts": "f\\f5]1S>fNPBn1d=<L3L0020OO2O000001O001N102MO35G0kM]Bm1a>SN`A10O1001nQP2"}, {"size": [512, 512], "counts": "^iT6>]?8M0O2N4K3O2N001N3N1O001N101O00002N1O0000001O00O1000000000000O1000000N2O101O0O1O1O101N1N2O2N2N4K3M3N2M8H_fP1"}, {"size": [512, 512], "counts": "_YT671La??K2M200O2M4L6K5LMXAnNh>R130O2N3L3O0000010N1O010_AdN^>\\1bAdN^>^10100001NNdNbA[11dN[>0eA\\1`>2O1OO2O0O101N2O1O0O1O1N4KTAROm>n03O001N3K4K5^Od@=`?M7K2KbVQ1"}, {"size": [512, 512], "counts": "Pld5Q2k=h0[O4M1O0001O000001OO11O00000000001O00O02OO101M3OSdn1"}, {"size": [512, 512], "counts": "kh_6c1]>O11N3NO11O00O1O1O101O001N2OO13J300O2N2O1M3N2N3L3N2N2M5K3N5FZ@0WVQ1"}, {"size": [512, 512], "counts": "cYT63l?1O3M2Z@H]?c0I9J1O100O2M5L2OO1000O1O2N1000O10O2O0O11O0O11O0O11O001N11N11O0O2O1O001O1O001N1O1M3M7L101N1K5Ab@4j?JbfQ1"}, {"size": [512, 512], "counts": "TiR6o0P?2N3M2N3M2N2N1O2N2O1O0O2N2O000O1O101O1O001O1O0000000000000000000000000000O1N21O00O1O2O1O001N2O0O1O3M2N2O0O3K4O1O1OlVP1"}, {"size": [512, 512], "counts": "SYY6n0P?200O1O1O100O1O10000O10000O1000000001O00000000001O001O001O001O1O001O1O1O1N3M3M2O3K6I5KafP1"}, {"size": [512, 512], "counts": "^\\f5h1Q>YNSBm1g=9L4O0N1O101O0001O000O200N2OO16H8RNmAa1U>Mgco1"}, {"size": [512, 512], "counts": "k\\f5Y1[>c0D9I7L2N0O110O0O11O000O200N2N114H6F5\\NmAU10jNgQP2"}, {"size": [512, 512], "counts": "Yme55110N[>MiA100O2Mm00SOR>S2D4N1N2O1O2OMbBdMZ=a220ON3M5KjSS2"}, {"size": [512, 512], "counts": "PiW6]1c>1O1O001O1O1O0000001O001O00001O000000000000O10000O10000O100000000O1O1O1O100OQgT1"}, {"size": [512, 512], "counts": "^YT6<b?5L4L2L5N2L3N2N2N2N013L2O0N201N3NO0013M1N101O0O1000000000O10001O1M2OUWZ1"}, {"size": [512, 512], "counts": "_YT67f?6J5N0O1N2N2N3O0O100O1O1O10000O1O100001ON2O100001OO100001O0000001O001O00001O00001O0O3N00001O3M2N1O2L8B[@1YVR1"}, {"size": [512, 512], "counts": "\\YQ6?`?2M4J8K2N2M4L5M0O1O2O0O2N101N101N10000000000000000000000000000000000000000000000WWZ1"}, {"size": [512, 512], "counts": "o\\f5W12jN`>`1L5L1O0O3N0000001OO100000001O0O2M9\\N`A2On01QO`>OaA1N51LO`0hQP2"}, {"size": [512, 512], "counts": "^lh5[2e=001OO1001OO11O00O1001OO1000000K6kMZB1M3O71<ian1"}, {"size": [512, 512], "counts": "fh[6[1e>000000000000000000000000000000000000000001O00001O001O1O00001O2N1O00003M001O3M2N1O4I7HdVn0"}, {"size": [512, 512],