{"base_lr": 2.000000000000001e-06, "lr": 2.000000000000001e-06, "data_time": 0.22614484786987304, "loss": 1.0057099962234497, "loss_rpn_cls": 0.06809448268264533, "loss_rpn_bbox": 0.107951305732131, "loss_cls": 0.22360460326075554, "acc": 90.13671875, "loss_bbox": 0.32351890683174134, "loss_mask": 0.23482718497514724, "loss_fg": 0.04771351777017117, "time": 0.9139218044281006, "epoch": 34, "iter": 16352, "memory": 14275, "step": 16352}
{"base_lr": 2.000000000000001e-06, "lr": 2.000000000000001e-06, "data_time": 0.261385555267334, "loss": 0.9851255822181701, "loss_rpn_cls": 0.07027703132480383, "loss_rpn_bbox": 0.10583724081516266, "loss_cls": 0.2134884774684906, "acc": 93.359375, "loss_bbox": 0.31620944052934646, "loss_mask": 0.23109447181224824, "loss_fg": 0.04821892090141773, "time": 0.9538089466094971, "epoch": 34, "iter": 16402, "memory": 14582, "step": 16402}
{"base_lr": 2.000000000000001e-06, "lr": 2.000000000000001e-06, "data_time": 0.24671730518341065, "loss": 0.9898175287246704, "loss_rpn_cls": 0.06960601110011339, "loss_rpn_bbox": 0.10879641473293304, "loss_cls": 0.2137704685330391, "acc": 93.45703125, "loss_bbox": 0.31616800785064697, "loss_mask": 0.23281354933977128, "loss_fg": 0.04866308450698852, "time": 0.9713654327392578, "epoch": 34, "iter": 16452, "memory": 14628, "step": 16452}
{"base_lr": 2.000000000000001e-06, "lr": 2.000000000000001e-06, "data_time": 0.1835758924484253, "loss": 0.9925017189979554, "loss_rpn_cls": 0.06967535242438316, "loss_rpn_bbox": 0.10751741021871566, "loss_cls": 0.21549365699291229, "acc": 90.13671875, "loss_bbox": 0.3194111841917038, "loss_mask": 0.23241071432828903, "loss_fg": 0.04799340710043907, "time": 0.860402569770813, "epoch": 34, "iter": 16502, "memory": 14641, "step": 16502}
{"base_lr": 2.000000000000001e-06, "lr": 2.000000000000001e-06, "data_time": 0.17240577697753906, "loss": 0.9682271265983582, "loss_rpn_cls": 0.06710063282400369, "loss_rpn_bbox": 0.10500854440033436, "loss_cls": 0.2092193615436554, "acc": 87.3046875, "loss_bbox": 0.3109614089131355, "loss_mask": 0.2275345343351364, "loss_fg": 0.04840264819562435, "time": 0.8731218004226684, "epoch": 34, "iter": 16552, "memory": 14667, "step": 16552}
{"base_lr": 2.000000000000001e-06, "lr": 2.000000000000001e-06, "data_time": 0.18167479515075682, "loss": 1.0188036966323852, "loss_rpn_cls": 0.06901126511394978, "loss_rpn_bbox": 0.1111699591577053, "loss_cls": 0.2264401814341545, "acc": 89.453125, "loss_bbox": 0.32421463549137114, "loss_mask": 0.24066821068525315, "loss_fg": 0.047299453653395176, "time": 0.8761558818817139, "epoch": 34, "iter": 16602, "memory": 14275, "step": 16602}
{"base_lr": 2.000000000000001e-06, "lr": 2.000000000000001e-06, "data_time": 0.17546286582946777, "loss": 0.9998981249332428, "loss_rpn_cls": 0.06915993977338075, "loss_rpn_bbox": 0.10654630586504936, "loss_cls": 0.22179596811532976, "acc": 88.96484375, "loss_bbox": 0.32090581834316256, "loss_mask": 0.2338765037059784, "loss_fg": 0.04761358089745045, "time": 0.8692683458328248, "epoch": 34, "iter": 16652, "memory": 14499, "step": 16652}
{"base_lr": 2.000000000000001e-06, "lr": 2.000000000000001e-06, "data_time": 0.21378210067749023, "loss": 1.0158112597465516, "loss_rpn_cls": 0.07124883096665144, "loss_rpn_bbox": 0.10982934162020683, "loss_cls": 0.22233748137950898, "acc": 89.794921875, "loss_bbox": 0.3263926818966866, "loss_mask": 0.23547912031412124, "loss_fg": 0.05052379604429007, "time": 0.9550754117965699, "epoch": 34, "iter": 16702, "memory": 14465, "step": 16702}
{"base_lr": 2.000000000000001e-06, "lr": 2.000000000000001e-06, "data_time": 0.19842082023620605, "loss": 0.9971784484386444, "loss_rpn_cls": 0.06486180767416955, "loss_rpn_bbox": 0.10854987725615502, "loss_cls": 0.22202678442001342, "acc": 89.794921875, "loss_bbox": 0.3219865557551384, "loss_mask": 0.23046266674995422, "loss_fg": 0.049290766716003416, "time": 0.8929327297210693, "epoch": 34, "iter": 16752, "memory": 14579, "step": 16752}
{"coco/segm_mAP": 0.28, "coco/segm_mAP_50": 0.434, "coco/segm_mAP_75": 0.317, "coco/segm_mAP_s": 0.218, "coco/segm_mAP_m": 0.548, "coco/segm_mAP_l": 0.659, "data_time": 0.06617603795281772, "time": 0.10766048020329969, "step": 34}
{"base_lr": 2.000000000000001e-06, "lr": 2.000000000000001e-06, "data_time": 0.19523751258850097, "loss": 0.9642261111736298, "loss_rpn_cls": 0.06478881739079952, "loss_rpn_bbox": 0.10505465991795063, "loss_cls": 0.2110559655725956, "acc": 89.208984375, "loss_bbox": 0.31175308108329775, "loss_mask": 0.22642465323209762, "loss_fg": 0.045148933120071885, "time": 0.9241214847564697, "epoch": 35, "iter": 16846, "memory": 14462, "step": 16846}
{"base_lr": 2.000000000000001e-06, "lr": 2.000000000000001e-06, "data_time": 0.17581136226654054, "loss": 1.0205040419101714, "loss_rpn_cls": 0.07537494406104088, "loss_rpn_bbox": 0.11040440887212753, "loss_cls": 0.22241795614361762, "acc": 94.677734375, "loss_bbox": 0.32421030461788175, "loss_mask": 0.2393828496336937, "loss_fg": 0.048713576048612595, "time": 0.8973622417449951, "epoch": 35, "iter": 16896, "memory": 14275, "step": 16896}
{"base_lr": 2.000000000000001e-06, "lr": 2.000000000000001e-06, "data_time": 0.2085232639312744, "loss": 1.017578171491623, "loss_rpn_cls": 0.07307111397385598, "loss_rpn_bbox": 0.10788903415203094, "loss_cls": 0.22526670962572098, "acc": 91.455078125, "loss_bbox": 0.321907656788826, "loss_mask": 0.24064980685710907, "loss_fg": 0.04879384618252516, "time": 0.9363308095932007, "epoch": 35, "iter": 16946, "memory": 14591, "step": 16946}
{"base_lr": 2.000000000000001e-06, "lr": 2.000000000000001e-06, "data_time": 0.21128838062286376, "loss": 0.982928889989853, "loss_rpn_cls": 0.06886892892420292, "loss_rpn_bbox": 0.10815534144639968, "loss_cls": 0.21350665181875228, "acc": 91.552734375, "loss_bbox": 0.31012842923402784, "loss_mask": 0.23090464264154434, "loss_fg": 0.05136489816009998, "time": 0.995098910331726, "epoch": 35, "iter": 16996, "memory": 14328, "step": 16996}
{"base_lr": 2.000000000000001e-06, "lr": 2.000000000000001e-06, "data_time": 0.18547709465026854, "loss": 0.9764806008338929, "loss_rpn_cls": 0.06763150034472347, "loss_rpn_bbox": 0.1049360254406929, "loss_cls": 0.21439967706799506, "acc": 91.015625, "loss_bbox": 0.31224798440933227, "loss_mask": 0.22834689110517503, "loss_fg": 0.04891851246356964, "time": 0.8653981685638428, "epoch": 35, "iter": 17046, "memory": 14592, "step": 17046}
{"base_lr": 2.000000000000001e-06, "lr": 2.000000000000001e-06, "data_time": 0.16915250301361084, "loss": 1.0126399910449981, "loss_rpn_cls": 0.07194522529840469, "loss_rpn_bbox": 0.11127913236618042, "loss_cls": 0.22135175064206122, "acc": 91.11328125, "loss_bbox": 0.32466268628835676, "loss_mask": 0.23567805230617522, "loss_fg": 0.04772314682602882, "time": 0.8586877536773682, "epoch": 35, "iter": 17096, "memory": 14275, "step": 17096}
{"base_lr": 2.000000000000001e-06, "lr": 2.000000000000001e-06, "data_time": 0.18610746860504152, "loss": 0.9651768010854721, "loss_rpn_cls": 0.062149543631821874, "loss_rpn_bbox": 0.10342947587370872, "loss_cls": 0.21201004028320314, "acc": 92.7734375, "loss_bbox": 0.3154579266905785, "loss_mask": 0.22663237959146498, "loss_fg": 0.04549743700772524, "time": 0.8965399742126465, "epoch": 35, "iter": 17146, "memory": 14548, "step": 17146}
{"base_lr": 2.000000000000001e-06, "lr": 2.000000000000001e-06, "data_time": 0.2313201904296875, "loss": 1.0029953336715698, "loss_rpn_cls": 0.06533680375665427, "loss_rpn_bbox": 0.1092627489566803, "loss_cls": 0.22126413851976395, "acc": 93.115234375, "loss_bbox": 0.32160351127386094, "loss_mask": 0.23688918083906174, "loss_fg": 0.0486389509215951, "time": 0.928543996810913, "epoch": 35, "iter": 17196, "memory": 14446, "step": 17196}
{"base_lr": 2.000000000000001e-06, "lr": 2.000000000000001e-06, "data_time": 0.21354915618896483, "loss": 1.011985285282135, "loss_rpn_cls": 0.0706867852061987, "loss_rpn_bbox": 0.109938333183527, "loss_cls": 0.21902905240654946, "acc": 91.796875, "loss_bbox": 0.32882618516683576,