{"lr": 0.002500000000000001, "data_time": 0.21249082565307617, "loss": 1.187967185974121, "loss_rpn_cls": 0.1330071996897459, "loss_rpn_bbox": 0.1346375535428524, "loss_cls": 0.29843926161527634, "acc": 85.64453125, "loss_bbox": 0.3651062273979187, "loss_mask": 0.2567769479751587, "time": 0.4442892551422119, "epoch": 4, "iter": 1088, "memory": 4028, "step": 1088}
{"lr": 0.002500000000000001, "data_time": 0.14490445137023925, "loss": 1.195761489868164, "loss_rpn_cls": 0.13640709400177, "loss_rpn_bbox": 0.13629161506891252, "loss_cls": 0.3032079640030861, "acc": 83.984375, "loss_bbox": 0.3632849037647247, "loss_mask": 0.2565699312090874, "time": 0.3430398225784302, "epoch": 4, "iter": 1138, "memory": 3742, "step": 1138}
{"lr": 0.002500000000000001, "data_time": 0.1499786424636841, "loss": 1.1556073939800262, "loss_rpn_cls": 0.13135613322257997, "loss_rpn_bbox": 0.12717314571142196, "loss_cls": 0.28388287842273713, "acc": 88.18359375, "loss_bbox": 0.35795980513095854, "loss_mask": 0.2552354335784912, "time": 0.41800565719604493, "epoch": 4, "iter": 1188, "memory": 3819, "step": 1188}
{"lr": 0.002500000000000001, "data_time": 0.1108503532409668, "loss": 1.202333141565323, "loss_rpn_cls": 0.1343388405442238, "loss_rpn_bbox": 0.1331024308502674, "loss_cls": 0.3062581616640091, "acc": 84.375, "loss_bbox": 0.3782923954725266, "loss_mask": 0.25034131705760954, "time": 0.2805527925491333, "epoch": 4, "iter": 1238, "memory": 3748, "step": 1238}
{"lr": 0.002500000000000001, "data_time": 0.11742193698883056, "loss": 1.1589039158821106, "loss_rpn_cls": 0.12134425073862076, "loss_rpn_bbox": 0.1260800191760063, "loss_cls": 0.30025153219699857, "acc": 82.71484375, "loss_bbox": 0.36140794336795806, "loss_mask": 0.24982017934322356, "time": 0.3503443145751953, "epoch": 4, "iter": 1288, "memory": 3731, "step": 1288}
{"lr": 0.002500000000000001, "data_time": 0.12771835803985596, "loss": 1.129328191280365, "loss_rpn_cls": 0.12897221371531487, "loss_rpn_bbox": 0.1261100475490093, "loss_cls": 0.27889290779829023, "acc": 90.72265625, "loss_bbox": 0.34871015310287473, "loss_mask": 0.24664287835359575, "time": 0.30959802627563476, "epoch": 4, "iter": 1338, "memory": 3575, "step": 1338}
{"coco/bbox_mAP": 0.262, "coco/bbox_mAP_50": 0.404, "coco/bbox_mAP_75": 0.304, "coco/bbox_mAP_s": 0.236, "coco/bbox_mAP_m": 0.502, "coco/bbox_mAP_l": 0.534, "coco/segm_mAP": 0.253, "coco/segm_mAP_50": 0.404, "coco/segm_mAP_75": 0.277, "coco/segm_mAP_s": 0.226, "coco/segm_mAP_m": 0.529, "coco/segm_mAP_l": 0.568, "data_time": 0.06542812212549075, "time": 0.09264906969937411, "step": 4}
{"lr": 0.002500000000000001, "data_time": 0.14709773063659667, "loss": 1.1093022727966309, "loss_rpn_cls": 0.11819443494081497, "loss_rpn_bbox": 0.12445185013115406, "loss_cls": 0.27823499917984007, "acc": 88.37890625, "loss_bbox": 0.3455362132191658, "loss_mask": 0.24288477182388304, "time": 0.34764842987060546, "epoch": 5, "iter": 1434, "memory": 3863, "step": 1434}
{"lr": 0.002500000000000001, "data_time": 0.1947154235839844, "loss": 1.1510987794399261, "loss_rpn_cls": 0.12068650655448437, "loss_rpn_bbox": 0.1237468695640564, "loss_cls": 0.2919438096880913, "acc": 83.7890625, "loss_bbox": 0.36254391640424727, "loss_mask": 0.25217766970396044, "time": 0.3953335523605347, "epoch": 5, "iter": 1484, "memory": 3713, "step": 1484}
{"lr": 0.002500000000000001, "data_time": 0.10855828285217285, "loss": 1.1559675550460815, "loss_rpn_cls": 0.12358186639845371, "loss_rpn_bbox": 0.12893532767891883, "loss_cls": 0.2898403823375702, "acc": 90.0390625, "loss_bbox": 0.3613813614845276, "loss_mask": 0.2522286137938499, "time": 0.2953765392303467, "epoch": 5, "iter": 1534, "memory": 3617, "step": 1534}
{"lr": 0.002500000000000001, "data_time": 0.13546514987945557, "loss": 1.1380826914310456, "loss_rpn_cls": 0.12857407048344613, "loss_rpn_bbox": 0.12143507957458496, "loss_cls": 0.2796998018026352, "acc": 93.9453125, "loss_bbox": 0.3568187442421913, "loss_mask": 0.25155500173568723, "time": 0.3834652280807495, "epoch": 5, "iter": 1584, "memory": 3737, "step": 1584}
{"lr": 0.002500000000000001, "data_time": 0.14908022403717042, "loss": 1.1178113889694214, "loss_rpn_cls": 0.12202847667038441, "loss_rpn_bbox": 0.1284788094460964, "loss_cls": 0.2764777308702469, "acc": 89.35546875, "loss_bbox": 0.34726692497730255, "loss_mask": 0.24355943948030473, "time": 0.3551938486099243, "epoch": 5, "iter": 1634, "memory": 3711, "step": 1634}
{"lr": 0.002500000000000001, "data_time": 0.15943419456481933, "loss": 1.1112496602535247, "loss_rpn_cls": 0.11660079337656498, "loss_rpn_bbox": 0.12310527265071869, "loss_cls": 0.2740593919157982, "acc": 87.20703125, "loss_bbox": 0.3499676823616028, "loss_mask": 0.24751652151346207, "time": 0.42818528175354004, "epoch": 5, "iter": 1684, "memory": 3642, "step": 1684}
