{"lr": 0.0012386363636363634, "data_time": 0.20020608901977538, "loss": 3.49259254693985, "loss_rpn_cls": 0.7920742654800415, "loss_rpn_bbox": 0.21217514485120773, "loss_cls": 0.5405733323097229, "acc": 76.46484375, "loss_bbox": 0.5464340233802796, "loss_mask": 1.4013358128070832, "time": 0.42877841472625733, "epoch": 1, "iter": 50, "memory": 3662, "step": 50}
{"lr": 0.002500000000000001, "data_time": 0.13794125080108643, "loss": 1.602122824192047, "loss_rpn_cls": 0.21035668522119522, "loss_rpn_bbox": 0.15826594740152358, "loss_cls": 0.40500713646411896, "acc": 78.125, "loss_bbox": 0.5265364539623261, "loss_mask": 0.30195659786462786, "time": 0.3458101177215576, "epoch": 1, "iter": 100, "memory": 3743, "step": 100}
{"lr": 0.002500000000000001, "data_time": 0.140288724899292, "loss": 1.414330805540085, "loss_rpn_cls": 0.16903932347893716, "loss_rpn_bbox": 0.14650223061442375, "loss_cls": 0.37325872242450714, "acc": 84.08203125, "loss_bbox": 0.4371051350235939, "loss_mask": 0.288425384759903, "time": 0.3051595401763916, "epoch": 1, "iter": 150, "memory": 3420, "step": 150}
{"lr": 0.002500000000000001, "data_time": 0.16229148864746093, "loss": 1.4216409206390381, "loss_rpn_cls": 0.17898119017481803, "loss_rpn_bbox": 0.15583409503102302, "loss_cls": 0.36613730788230897, "acc": 77.34375, "loss_bbox": 0.4249081915616989, "loss_mask": 0.2957801368832588, "time": 0.3791858863830566, "epoch": 1, "iter": 200, "memory": 4028, "step": 200}
{"lr": 0.002500000000000001, "data_time": 0.14190232276916503, "loss": 1.3295335698127746, "loss_rpn_cls": 0.161395550519228, "loss_rpn_bbox": 0.14648703262209892, "loss_cls": 0.34403885900974274, "acc": 79.4921875, "loss_bbox": 0.40109809786081313, "loss_mask": 0.27651402473449704, "time": 0.40023133277893064, "epoch": 1, "iter": 250, "memory": 3828, "step": 250}
{"lr": 0.002500000000000001, "data_time": 0.1521730899810791, "loss": 1.3031571567058564, "loss_rpn_cls": 0.16507821559906005, "loss_rpn_bbox": 0.145125682502985, "loss_cls": 0.3289518055319786, "acc": 88.37890625, "loss_bbox": 0.38593687772750856, "loss_mask": 0.27806458830833436, "time": 0.381026291847229, "epoch": 1, "iter": 300, "memory": 3985, "step": 300}
{"coco/bbox_mAP": 0.247, "coco/bbox_mAP_50": 0.396, "coco/bbox_mAP_75": 0.283, "coco/bbox_mAP_s": 0.226, "coco/bbox_mAP_m": 0.454, "coco/bbox_mAP_l": 0.457, "coco/segm_mAP": 0.247, "coco/segm_mAP_50": 0.396, "coco/segm_mAP_75": 0.278, "coco/segm_mAP_s": 0.223, "coco/segm_mAP_m": 0.478, "coco/segm_mAP_l": 0.49, "data_time": 0.06774159840175084, "time": 0.09834720407213483, "step": 1}
{"lr": 0.002500000000000001, "data_time": 0.12951218605041503, "loss": 1.2731379401683807, "loss_rpn_cls": 0.15502524137496948, "loss_rpn_bbox": 0.14088927634060383, "loss_cls": 0.3278517600893974, "acc": 87.5, "loss_bbox": 0.3874739187955856, "loss_mask": 0.26189774453639986, "time": 0.3294639873504639, "epoch": 2, "iter": 396, "memory": 3814, "step": 396}
{"lr": 0.002500000000000001, "data_time": 0.174957275390625, "loss": 1.2852862882614136, "loss_rpn_cls": 0.1577250252664089, "loss_rpn_bbox": 0.14142598003149032, "loss_cls": 0.3276749190688133, "acc": 89.16015625, "loss_bbox": 0.3946533304452896, "loss_mask": 0.2638070315122604, "time": 0.3674812316894531, "epoch": 2, "iter": 446, "memory": 3991, "step": 446}
{"lr": 0.002500000000000001, "data_time": 0.10721615314483643, "loss": 1.288126242160797, "loss_rpn_cls": 0.14842263400554656, "loss_rpn_bbox": 0.1355066531151533, "loss_cls": 0.34018611431121826, "acc": 86.328125, "loss_bbox": 0.39574835777282713, "loss_mask": 0.26826248794794083, "time": 0.2909707975387573, "epoch": 2, "iter": 496, "memory": 3617, "step": 496}
{"lr": 0.002500000000000001, "data_time": 0.15626033306121825, "loss": 1.2193293321132659, "loss_rpn_cls": 0.1405516953766346, "loss_rpn_bbox": 0.1335124120116234, "loss_cls": 0.3076250007748604, "acc": 91.2109375, "loss_bbox": 0.3720216405391693, "loss_mask": 0.26561856985092164, "time": 0.4272534227371216, "epoch": 2, "iter": 546, "memory": 3884, "step": 546}
{"lr": 0.002500000000000001, "data_time": 0.11923215866088867, "loss": 1.2124272763729096, "loss_rpn_cls": 0.1312737178057432, "loss_rpn_bbox": 0.13226170629262923, "loss_cls": 0.3060052189230919, "acc": 82.51953125, "loss_bbox": 0.3805829784274101, "loss_mask": 0.2623036524653435, "time": 0.3027893877029419, "epoch": 2, "iter": 596, "memory": 3798, "step": 596}
{"lr": 0.002500000000000001, "data_time": 0.13299812793731688, "loss": 1.251095175743103, "loss_rpn_cls": 0.1501103476434946, "loss_rpn_bbox": 0.13523306541144847, "loss_cls": 0.3188116133213043, "acc": 83.0078125, "loss_bbox": 0.3802955973148346, "loss_mask": 0.2666445556282997, "time": 0.38811430931091306, "epoch": 2, "iter": 646, "memory": 3863, "step": 646}
