{"lr": 0.002500000000000001, "data_time": 0.15692628383636475, "loss": 1.1142898833751678, "loss_rpn_cls": 0.1236248978227377, "loss_rpn_bbox": 0.13082771942019464, "loss_cls": 0.27657955706119536, "acc": 85.15625, "loss_bbox": 0.3445544081926346, "loss_mask": 0.23870329678058624, "time": 0.3696614408493042, "epoch": 6, "iter": 1780, "memory": 3844, "step": 1780}
{"lr": 0.002500000000000001, "data_time": 0.12559788227081298, "loss": 1.1368531954288483, "loss_rpn_cls": 0.11411668613553047, "loss_rpn_bbox": 0.12794167846441268, "loss_cls": 0.2816623693704605, "acc": 89.94140625, "loss_bbox": 0.36452596992254255, "loss_mask": 0.24860649943351745, "time": 0.3598640394210815, "epoch": 6, "iter": 1830, "memory": 3780, "step": 1830}
{"lr": 0.002500000000000001, "data_time": 0.13610294818878174, "loss": 1.0981646597385406, "loss_rpn_cls": 0.11050942607223987, "loss_rpn_bbox": 0.12513414829969405, "loss_cls": 0.26821764051914215, "acc": 83.30078125, "loss_bbox": 0.3497314703464508, "loss_mask": 0.2445719686150551, "time": 0.32825799465179445, "epoch": 6, "iter": 1880, "memory": 3648, "step": 1880}
{"lr": 0.002500000000000001, "data_time": 0.12136088371276856, "loss": 1.141053434610367, "loss_rpn_cls": 0.12264775991439819, "loss_rpn_bbox": 0.1280843383818865, "loss_cls": 0.282281739115715, "acc": 91.50390625, "loss_bbox": 0.35947985798120496, "loss_mask": 0.24855974256992341, "time": 0.3531956243515015, "epoch": 6, "iter": 1930, "memory": 3421, "step": 1930}
{"lr": 0.002500000000000001, "data_time": 0.15473080635070802, "loss": 1.1591336441040039, "loss_rpn_cls": 0.12186171658337117, "loss_rpn_bbox": 0.1276629614830017, "loss_cls": 0.2855993396043777, "acc": 91.40625, "loss_bbox": 0.36585061967372895, "loss_mask": 0.25815899670124054, "time": 0.3607660341262817, "epoch": 6, "iter": 1980, "memory": 3865, "step": 1980}
{"lr": 0.002500000000000001, "data_time": 0.11759820938110352, "loss": 1.1123490881919862, "loss_rpn_cls": 0.11707065746188164, "loss_rpn_bbox": 0.12212751805782318, "loss_cls": 0.2777943080663681, "acc": 87.79296875, "loss_bbox": 0.3547017574310303, "loss_mask": 0.2406548437476158, "time": 0.33981377124786377, "epoch": 6, "iter": 2030, "memory": 3603, "step": 2030}
{"coco/bbox_mAP": 0.262, "coco/bbox_mAP_50": 0.404, "coco/bbox_mAP_75": 0.304, "coco/bbox_mAP_s": 0.236, "coco/bbox_mAP_m": 0.502, "coco/bbox_mAP_l": 0.534, "coco/segm_mAP": 0.266, "coco/segm_mAP_50": 0.406, "coco/segm_mAP_75": 0.313, "coco/segm_mAP_s": 0.238, "coco/segm_mAP_m": 0.554, "coco/segm_mAP_l": 0.597, "data_time": 0.08658766264867301, "time": 0.11428365081247657, "step": 6}
{"lr": 0.002500000000000001, "data_time": 0.14151458740234374, "loss": 1.0833115994930267, "loss_rpn_cls": 0.1132718013972044, "loss_rpn_bbox": 0.12183497004210948, "loss_cls": 0.2629162898659706, "acc": 87.890625, "loss_bbox": 0.33899199396371843, "loss_mask": 0.24629654496908188, "time": 0.3503448152542114, "epoch": 7, "iter": 2126, "memory": 3657, "step": 2126}
{"lr": 0.002500000000000001, "data_time": 0.13503896236419677, "loss": 1.125278490781784, "loss_rpn_cls": 0.11592996267601847, "loss_rpn_bbox": 0.12644765213131903, "loss_cls": 0.27908127278089523, "acc": 84.27734375, "loss_bbox": 0.35961245715618134, "loss_mask": 0.24420714735984803, "time": 0.37260180473327636, "epoch": 7, "iter": 2176, "memory": 3885, "step": 2176}
{"lr": 0.002500000000000001, "data_time": 0.10568760395050049, "loss": 1.1016932106018067, "loss_rpn_cls": 0.11379545964300633, "loss_rpn_bbox": 0.11835739716887474, "loss_cls": 0.2754895249009132, "acc": 86.81640625, "loss_bbox": 0.3487252178788185, "loss_mask": 0.24532560676336287, "time": 0.2860786533355713, "epoch": 7, "iter": 2226, "memory": 3643, "step": 2226}
{"lr": 0.002500000000000001, "data_time": 0.16327552795410155, "loss": 1.1054972505569458, "loss_rpn_cls": 0.11418093860149384, "loss_rpn_bbox": 0.1253388901054859, "loss_cls": 0.27290920436382293, "acc": 88.28125, "loss_bbox": 0.3523242622613907, "loss_mask": 0.24074395656585693, "time": 0.3367965269088745, "epoch": 7, "iter": 2276, "memory": 3723, "step": 2276}
{"lr": 0.002500000000000001, "data_time": 0.12444703578948975, "loss": 1.063795655965805, "loss_rpn_cls": 0.10047857075929642, "loss_rpn_bbox": 0.11803505554795266, "loss_cls": 0.2671279487013817, "acc": 94.62890625, "loss_bbox": 0.3392858797311783, "loss_mask": 0.2388681960105896, "time": 0.3025931739807129, "epoch": 7, "iter": 2326, "memory": 3693, "step": 2326}
{"lr": 0.002500000000000001, "data_time": 0.14078965663909912, "loss": 1.1238791310787202, "loss_rpn_cls": 0.12781166158616541, "loss_rpn_bbox": 0.1254914243519306, "loss_cls": 0.2778283923864365, "acc": 87.20703125, "loss_bbox": 0.34840298533439634, "loss_mask": 0.2443446609377861, "time": 0.39400137424468995, "epoch": 7, "iter": 2376, "memory": 3871, "step": 2376}
{"coco/bbox_mAP": 0.262, "coco/bbox_mAP_50": 0.404, "coco/bbox_mAP_75": 0.304, "coco/bbox_mAP_s": 0.236, "coco/bbox_mAP_m": 0.502, "coco/bbox_mAP_l": 0.534, "coco/segm_mAP": 0.273, "coco/segm_mAP_50": 0.415, "coco/segm_mAP_75": 0.322, "coco/segm_mAP_s": 0.242, "coco/segm_mAP_m": 0.576, "coco/segm_mAP_l": 0.598, "data_time": 0.09302246450173735, "time": 0.12081543122879182, "step": 7}
{"lr": 0.002500000000000001, "data_time": 0.14415840148925782, "loss": 1.0729915928840636, "loss_rpn_cls": 0.11340890914201736, "loss_rpn_bbox": 0.11892847046256065, "loss_cls": 0.26336256712675093, "acc": 90.91796875, "loss_bbox": 0.333850337266922, "loss_mask": 0.2434413054585457, "time": 0.39665731906890866, "epoch": 8, "iter": 2472, "memory": 3844, "step": 2472}
{"lr": 0.002500000000000001, "data_time": 0.10798248767852783, "loss": 1.1289459443092347, "loss_rpn_cls": 0.11684460740536451, "loss_rpn_bbox": 0.12526805251836776, "loss_cls": 0.2830232056975365, "acc": 89.74609375, "loss_bbox": 0.35650465071201326, "loss_mask": 0.24730542093515395, "time": 0.28272881984710696, "epoch": 8, "iter": 2522, "memory": 3846, "step": 2522}
{"lr": 0.002500000000000001, "data_time": 0.12541502952575684, "loss": 1.0705132389068603, "loss_rpn_cls": 0.10554652817547322, "loss_rpn_bbox": 0.11641976982355118, "loss_cls": 0.2643422836065292, "acc": 91.40625, "loss_bbox": 0.34327543914318087, "loss_mask": 0.24092922747135162, "time": 0.3125613260269165, "epoch": 8, "iter": 2572, "memory": 3800, "step": 2572}
{"lr": 0.002500000000000001, "data_time": 0.19432559967041016, "loss": 1.104007363319397, "loss_rpn_cls": 0.11331899099051952, "loss_rpn_bbox": 0.12003433749079705, "loss_cls": 0.27292382180690766, "acc": 89.0625, "loss_bbox": 0.35059904158115385, "loss_mask": 0.24713117390871048, "time": 0.3983308506011963, "epoch": 8, "iter": 2622, "memory": 3709, "step": 2622}
{"lr": 0.002500000000000001, "data_time": 0.20389724254608155, "loss": 1.1424288201332091, "loss_rpn_cls": 0.12674521654844284, "loss_rpn_bbox": 0.12832015566527843, "loss_cls": 0.2819522309303284, "acc": 88.76953125, "loss_bbox": 0.3555534294247627, "loss_mask": 0.24985779643058778, "time": 0.41495423316955565, "epoch": 8, "iter": 2672, "memory": 3804, "step": 2672}
{"lr": 0.002500000000000001, "data_time": 0.13703726768493651, "loss": 1.06651380777359, "loss_rpn_cls": 0.11025856837630271, "loss_rpn_bbox": 0.11991294473409653, "loss_cls": 0.2649224737286568, "acc": 85.15625, "loss_bbox": 0.3356318745017052, "loss_mask": 0.23578794568777084, "time": 0.3181858968734741, "epoch": 8, "iter": 2722, "memory": 3739, "step": 2722}
{"coco/bbox_mAP": 0.262, "coco/bbox_mAP_50": 0.404, "coco/bbox_mAP_75": 0.304, "coco/bbox_mAP_s": 0.236, "coco/bbox_mAP_m": 0.502, "coco/bbox_mAP_l": 0.534, "coco/segm_mAP": 0.273, "coco/segm_mAP_50": 0.416, "coco/segm_mAP_75": 0.323, "coco/segm_mAP_s": 0.242, "coco/segm_mAP_m": 0.569, "coco/segm_mAP_l": 0.576, "data_time": 0.06894590397073765, "time": 0.0963988063311336, "step": 8}
{"lr": 0.002500000000000001, "data_time": 0.16701898574829102, "loss": 1.0578238797187804, "loss_rpn_cls": 0.10896798260509968, "loss_rpn_bbox": 0.12277630969882011, "loss_cls": 0.2583581829071045, "acc": 93.5546875,