{"lr": 0.002500000000000001, "data_time": 0.18205155849456786, "loss": 1.0682760894298553, "loss_rpn_cls": 0.10972286015748978, "loss_rpn_bbox": 0.12006670922040939, "loss_cls": 0.2592266309261322, "acc": 91.2109375, "loss_bbox": 0.3371909564733505, "loss_mask": 0.24206893652677536, "time": 0.4397847127914429, "epoch": 10, "iter": 3164, "memory": 3815, "step": 3164}
{"lr": 0.002500000000000001, "data_time": 0.19741565227508545, "loss": 1.0458089065551759, "loss_rpn_cls": 0.10632616680115461, "loss_rpn_bbox": 0.1215924096107483, "loss_cls": 0.25779895633459093, "acc": 89.84375, "loss_bbox": 0.3305762147903442, "loss_mask": 0.2295151525735855, "time": 0.39200922012329104, "epoch": 10, "iter": 3214, "memory": 3815, "step": 3214}
{"lr": 0.002500000000000001, "data_time": 0.11723824501037598, "loss": 1.083653167486191, "loss_rpn_cls": 0.1145432755164802, "loss_rpn_bbox": 0.12463868021965027, "loss_cls": 0.2633514451980591, "acc": 88.28125, "loss_bbox": 0.33946152329444884, "loss_mask": 0.24165824443101883, "time": 0.30234005451202395, "epoch": 10, "iter": 3264, "memory": 3572, "step": 3264}
{"lr": 0.002500000000000001, "data_time": 0.1339552402496338, "loss": 1.049728331565857, "loss_rpn_cls": 0.10648330070078373, "loss_rpn_bbox": 0.11752338647842407, "loss_cls": 0.25707239389419556, "acc": 91.796875, "loss_bbox": 0.3331499207019806, "loss_mask": 0.23549933046102522, "time": 0.3782765865325928, "epoch": 10, "iter": 3314, "memory": 3844, "step": 3314}
{"lr": 0.002500000000000001, "data_time": 0.12360229969024658, "loss": 1.0631551897525788, "loss_rpn_cls": 0.10217075876891613, "loss_rpn_bbox": 0.12041234977543354, "loss_cls": 0.2634652116894722, "acc": 90.234375, "loss_bbox": 0.3422870430350304, "loss_mask": 0.23481983542442322, "time": 0.30341816902160645, "epoch": 10, "iter": 3364, "memory": 4007, "step": 3364}
{"lr": 0.002500000000000001, "data_time": 0.1265127754211426, "loss": 1.0651617443561554, "loss_rpn_cls": 0.10318326335400343, "loss_rpn_bbox": 0.11555444702506065, "loss_cls": 0.26708403989672663, "acc": 88.57421875, "loss_bbox": 0.3398918679356575, "loss_mask": 0.23944813162088394, "time": 0.3726342678070068, "epoch": 10, "iter": 3414, "memory": 3733, "step": 3414}
{"coco/bbox_mAP": 0.262, "coco/bbox_mAP_50": 0.404, "coco/bbox_mAP_75": 0.304, "coco/bbox_mAP_s": 0.236, "coco/bbox_mAP_m": 0.502, "coco/bbox_mAP_l": 0.534, "coco/segm_mAP": 0.271, "coco/segm_mAP_50": 0.407, "coco/segm_mAP_75": 0.317, "coco/segm_mAP_s": 0.239, "coco/segm_mAP_m": 0.587, "coco/segm_mAP_l": 0.596, "data_time": 0.07094837680007472, "time": 0.12581609716319075, "step": 10}
{"lr": 0.002500000000000001, "data_time": 0.15462221145629884, "loss": 1.0661410582065582, "loss_rpn_cls": 0.10661529779434203, "loss_rpn_bbox": 0.11607562743127346, "loss_cls": 0.2641648331284523, "acc": 91.69921875, "loss_bbox": 0.33843134850263595, "loss_mask": 0.24085395634174347, "time": 0.4249230766296387, "epoch": 11, "iter": 3510, "memory": 3885, "step": 3510}
{"lr": 0.002500000000000001, "data_time": 0.16744255542755127, "loss": 0.9726260113716125, "loss_rpn_cls": 0.09695472873747349, "loss_rpn_bbox": 0.11050602622330188, "loss_cls": 0.22753586292266845, "acc": 90.234375, "loss_bbox": 0.30796243995428085, "loss_mask": 0.22966695934534073, "time": 0.39103487491607664, "epoch": 11, "iter": 3560, "memory": 3972, "step": 3560}
{"lr": 0.002500000000000001, "data_time": 0.17026856899261475, "loss": 1.0372234547138215, "loss_rpn_cls": 0.10714338142424822, "loss_rpn_bbox": 0.11791499651968479, "loss_cls": 0.24945118695497512, "acc": 87.6953125, "loss_bbox": 0.3302886116504669, "loss_mask": 0.23242527812719346, "time": 0.35648293495178224, "epoch": 11, "iter": 3610, "memory": 3871, "step": 3610}
{"lr": 0.002500000000000001, "data_time": 0.14243731498718262, "loss": 1.10539590716362, "loss_rpn_cls": 0.12103675328195095, "loss_rpn_bbox": 0.1274682293832302, "loss_cls": 0.26739303052425384, "acc": 94.04296875, "loss_bbox": 0.34656334549188617, "loss_mask": 0.24293454855680466, "time": 0.3426603078842163, "epoch": 11, "iter": 3660, "memory": 3703, "step": 3660}
{"lr": 0.002500000000000001, "data_time": 0.14481393337249757, "loss": 1.0757732808589935, "loss_rpn_cls": 0.10965781316161155, "loss_rpn_bbox": 0.11862311661243438, "loss_cls": 0.2655388343334198, "acc": 86.81640625, "loss_bbox": 0.3415482252836227, "loss_mask": 0.2404052859544754, "time": 0.4002241563796997, "epoch": 11, "iter": 3710, "memory": 3708, "step": 3710}
{"lr": 0.002500000000000001, "data_time": 0.1279264783859253, "loss": 1.1028296518325806, "loss_rpn_cls": 0.10521807942539453, "loss_rpn_bbox": 0.12559778310358524, "loss_cls": 0.27273603945970537, "acc": 91.40625, "loss_bbox": 0.3538966354727745, "loss_mask": 0.24538110345602035, "time": 0.3154893159866333, "epoch": 11, "iter": 3760, "memory": 3684, "step": 3760}
{"coco/bbox_mAP": 0.262, "coco/bbox_mAP_50": 0.404, "coco/bbox_mAP_75": 0.304, "coco/bbox_mAP_s": 0.236, "coco/bbox_mAP_m": 0.502, "coco/bbox_mAP_l": 0.534, "coco/segm_mAP": 0.271, "coco/segm_mAP_50": 0.407, "coco/segm_mAP_75": 0.327, "coco/segm_mAP_s": 0.239, "coco/segm_mAP_m": 0.583, "coco/segm_mAP_l": 0.606, "data_time": 0.06815274315651017, "time": 0.09596029435745393, "step": 11}
{"lr": 0.002500000000000001, "data_time": 0.19625427722930908, "loss": 1.034790563583374, "loss_rpn_cls": 0.10558408349752427, "loss_rpn_bbox": 0.11688460394740105, "loss_cls": 0.25262127608060836, "acc": 86.23046875, "loss_bbox": 0.32974249362945557, "loss_mask": 0.22995810240507125, "time": 0.40228378295898437, "epoch": 12, "iter": 3856, "memory": 3815, "step": 3856}
{"lr": 0.002500000000000001, "data_time": 0.10823500156402588, "loss": 1.040273711681366, "loss_rpn_cls": 0.10061839479953051, "loss_rpn_bbox": 0.11254794828593731, "loss_cls": 0.2572288820147514, "acc": 93.26171875, "loss_bbox": 0.3361320576071739, "loss_mask": 0.2337464216351509, "time": 0.27729785919189454, "epoch": 12, "iter": 3906, "memory": 3657, "step": 3906}
{"lr": 0.002500000000000001, "data_time": 0.12588454246520997, "loss": 1.0394661974906922, "loss_rpn_cls": 0.10533972837030887, "loss_rpn_bbox": 0.1185440070182085, "loss_cls": 0.2520970830321312, "acc": 86.03515625, "loss_bbox": 0.33020595759153365, "loss_mask": 0.23327941030263902, "time": 0.3682493448257446, "epoch": 12, "iter": 3956, "memory": 3790, "step": 3956}
{"lr": 0.002500000000000001, "data_time": 0.13648118019104005, "loss": 1.040784227848053, "loss_rpn_cls": 0.0982184062898159, "loss_rpn_bbox": 0.1187322561442852, "loss_cls": 0.25391389727592467, "acc": 87.79296875, "loss_bbox": 0.3312564542889595, "loss_mask": 0.23866320937871932, "time": 0.3257373142242432, "epoch": 12, "iter": 4006, "memory": 3780, "step": 4006}
{"lr": 0.002500000000000001, "data_time": 0.15859558582305908, "loss": 1.0691659998893739, "loss_rpn_cls": 0.11008566603064537, "loss_rpn_bbox": 0.12532627150416376, "loss_cls": 0.2567227375507355, "acc": 86.71875, "loss_bbox": 0.3317192491889, "loss_mask": 0.24531206697225572, "time": 0.43153608798980714, "epoch": 12, "iter": 4056, "memory": 3815, "step": 4056}
{"lr": 0.002500000000000001, "data_time": 0.13874572277069092, "loss": 1.0477813589572906, "loss_rpn_cls": 0.10266122661530971, "loss_rpn_bbox": 0.11638319283723832, "loss_cls": 0.25932550072669985, "acc": 82.91015625, "loss_bbox": 0.33294700682163236, "loss_mask": 0.23646442383527755, "time": 0.32409287452697755, "epoch": 12, "iter": 4106, "memory": 3779, "step": 4106}
{"coco/bbox_mAP": 0.262, "coco/bbox_mAP_50": 0.404, "coco/bbox_mAP_75": 0.304, "coco/bbox_mAP_s": 0.236, "coco/bbox_mAP_m": 0.502, "coco/bbox_mAP_l": 0.534, "coco/segm_mAP": 0.272, "coco/segm_mAP_50": 0.408, "coco/segm_mAP_75": 0.325, "coco/segm_mAP_s": 0.239, "coco/segm_mAP_m": 0.578, "coco/segm_mAP_l": 0.601, "data_time": 0.06212211136866098, "time": 0.08824904759724934, "step": 12}
{"lr": 0.002500000000000001, "data_time": 0.20003752231597902, "loss": 1.0184819579124451, "loss_rpn_cls": 0.1048901829123497, "loss_rpn_bbox": 0.11658346630632878,