{"labels": [2, 13, 2, 2, 2, 2, 2, 2, 2, 2, 2, 2, 2, 2, 2, 2, 56, 2, 2, 2, 2, 2, 2, 2, 2, 2, 2, 2, 2, 2, 2, 2, 13, 2, 2, 2, 2, 0, 2, 2, 2, 2, 2, 0, 7, 2, 2, 7, 2, 7, 2, 2, 7, 56, 2, 2, 2, 2, 0, 2, 2, 2, 2, 28, 2, 2], "scores": [0.9923090934753418, 0.9908887147903442, 0.987492561340332, 0.9859835505485535, 0.982693612575531, 0.9789244532585144, 0.9766718149185181, 0.9713796377182007, 0.9614163041114807, 0.9580868482589722, 0.9306885004043579, 0.9163928627967834, 0.8938577175140381, 0.8633673191070557, 0.8595717549324036, 0.7701141238212585, 0.7524556517601013, 0.701402485370636, 0.6886489987373352, 0.641799807548523, 0.5163241028785706, 0.437470942735672, 0.4310566186904907, 0.4285435378551483, 0.4226846396923065, 0.3895944058895111, 0.38552218675613403, 0.34153756499290466, 0.29895657300949097, 0.27594876289367676, 0.2740083932876587, 0.26161497831344604, 0.2404223531484604, 0.15550260245800018, 0.14005140960216522, 0.1247216984629631, 0.12391062080860138, 0.12131287157535553, 0.12053371220827103, 0.11988174915313721, 0.11523706465959549, 0.11098230630159378, 0.1088075339794159, 0.09877393394708633, 0.08640415966510773, 0.08624903857707977, 0.08446431905031204, 0.07847913354635239, 0.07757098972797394, 0.07636835426092148, 0.07379556447267532, 0.06834978610277176, 0.06733430922031403, 0.06722566485404968, 0.06541597098112106, 0.0652356967329979, 0.06500811874866486, 0.05913640186190605, 0.058307211846113205, 0.056146398186683655, 0.054716769605875015, 0.05464184284210205, 0.05448603630065918, 0.05196848139166832, 0.05193077400326729, 0.051276709884405136], "bboxes": [[609.4883422851562, 113.74175262451172, 635.8511962890625, 136.94937133789062], [220.95687866210938, 176.31390380859375, 458.3152770996094, 381.5975341796875], [0.0, 111.85616302490234, 62.42457962036133, 145.19003295898438], [480.7141418457031, 110.33477783203125, 522.5462036132812, 130.31594848632812], [186.55824279785156, 109.3445053100586, 298.6502380371094, 154.81784057617188], [266.8849182128906, 105.74320220947266, 326.0652770996094, 128.71153259277344], [293.82427978515625, 117.2023696899414, 378.7369689941406, 150.41619873046875], [167.8725128173828, 108.23002624511719, 212.4864044189453, 140.03810119628906], [396.9851989746094, 111.05030822753906, 433.4195556640625, 133.17628479003906], [430.787109375, 106.4056625366211, 482.6684875488281, 132.56100463867188], [60.13148498535156, 93.03877258300781, 85.02095794677734, 106.12718200683594], [591.0274658203125, 110.74144744873047, 615.0286254882812, 126.60794067382812], [568.9580688476562, 109.75132751464844, 592.7782592773438, 127.51350402832031], [98.0136947631836, 89.38616943359375, 118.72344970703125, 101.21041870117188], [140.2462921142578, 96.06522369384766, 164.09849548339844, 105.20372009277344], [85.82926177978516, 90.15686798095703, 98.65606689453125, 97.85514831542969], [371.02874755859375, 134.5279541015625, 432.6676940917969, 189.07838439941406], [222.6514434814453, 98.5405502319336, 242.10316467285156, 107.37081909179688], [375.1899108886719, 119.97036743164062, 382.0916748046875, 132.97235107421875], [97.66403198242188, 91.53784942626953, 109.07698059082031, 100.81449127197266], [169.00930786132812, 95.63935089111328, 182.37005615234375, 105.22592163085938], [136.1292266845703, 92.08740234375, 155.38218688964844, 104.26860809326172], [0.17539487779140472, 110.93231201171875, 17.22953224182129, 142.2421112060547], [134.27557373046875, 90.88525390625, 144.41897583007812, 101.02919006347656], [554.797607421875, 106.24401092529297, 591.4906616210938, 127.41030883789062], [553.8619995117188, 100.17306518554688, 561.9820556640625, 111.46719360351562], [67.78218078613281, 88.33153533935547, 83.35924530029297, 97.2173080444336], [554.4423828125, 116.05274963378906, 562.5127563476562, 126.77156829833984], [613.9273681640625, 101.87770080566406, 635.3856201171875, 112.9545669555664], [607.124267578125, 112.01000213623047, 627.8020629882812, 124.66920471191406], [373.7811279296875, 111.03091430664062, 420.8004150390625, 133.7737274169922], [229.4742889404297, 99.45917510986328, 250.34713745117188, 108.35273742675781], [371.5603332519531, 135.78273010253906, 435.2301330566406, 189.288330078125], [45.113338470458984, 118.53034210205078, 61.742454528808594, 143.92430114746094], [2.868337631225586, 110.28701782226562, 26.246294021606445, 145.3159942626953], [555.1431884765625, 112.21878814697266, 576.3478393554688, 125.87940216064453], [545.5695190429688, 116.58199310302734, 561.48828125, 127.48222351074219], [375.3778076171875, 118.95638275146484, 382.0731201171875, 134.50619506835938], [609.4031372070312, 102.5871810913086, 635.5642700195312, 122.04794311523438], [380.3295593261719, 107.40530395507812, 455.1424255371094, 133.5831298828125], [74.7828140258789, 88.34514617919922, 98.05391693115234, 97.7233657836914], [65.5234146118164, 90.32691955566406, 83.38273620605469, 101.8796615600586], [0.01939227804541588, 111.68670654296875, 14.291631698608398, 125.49544525146484], [253.9361572265625, 103.62168884277344, 262.5174865722656, 112.5164794921875], [188.62623596191406, 108.79410552978516, 300.568359375, 155.9052276611328], [134.4252471923828, 94.51490020751953, 146.93955993652344, 103.82645416259766], [540.5418090820312, 114.39236450195312, 559.5819091796875, 125.78331756591797], [430.7586975097656, 105.23797607421875, 483.69329833984375, 132.10592651367188], [95.6520767211914, 90.30709838867188, 157.61773681640625, 102.85367584228516], [293.7550354003906, 117.03368377685547, 382.10406494140625, 149.90060424804688], [239.08836364746094, 100.74603271484375, 250.5469970703125, 109.07950592041016], [80.71115112304688, 90.19342803955078, 93.30362701416016, 98.22724151611328], [559.3277587890625, 109.92179870605469, 591.9837646484375, 127.50286102294922], [218.08921813964844, 175.84442138671875, 456.0354919433594, 371.38653564453125], [596.7793579101562, 107.55280303955078, 633.4928588867188, 126.26319122314453], [82.32796478271484, 91.12812042236328, 100.5596923828125, 100.53977966308594], [171.41058349609375, 92.8162612915039, 203.01663208007812, 107.80975341796875], [77.256103515625, 88.26371002197266, 115.42120361328125, 99.89972686767578], [625.985107421875, 103.5138931274414, 635.8997802734375, 113.3692626953125], [442.9151916503906, 107.0094223022461, 506.16729736328125, 130.95050048828125], [70.02022552490234, 91.3143310546875, 98.84658813476562, 104.6661148071289], [537.9318237304688, 111.94721221923828, 547.5858764648438, 121.4844741821289], [398.6932067871094, 110.77050018310547, 410.84759521484375, 132.98434448242188], [91.20581817626953, 106.42581176757812, 106.1435317993164, 119.94117736816406], [50.61113357543945, 109.78185272216797, 71.2657699584961, 119.40937805175781], [173.92625427246094, 91.06079864501953, 228.47702026367188, 108.08963012695312]], "masks": [{"size": [427, 640], "counts": "g_n77R=2N2O1O1O1O100O1O1O100O1O100O10000O10000000L4F:NWo1"}, {"size": [427, 640], "counts": "Q`n28c1Kh9:RFOe96TF1h96iE5U:b1N2O1N2OO1O1O001N2O001M3N2N2B=K6L4M3N2O1O0100O2N102M2N2O2M3L4M5J;E:F3M3N3M2N001O1N1O2OUOoE^No9`1XF\\Nh9c1\\F[Nc9e1`FXN`9h1hFPNY9o1Q100001N1000011N1O1N2N3N1O100O101N1O100O1N201N1O100O1O100O1O1O1O10000O100O1000000O101O0O10000O1O100O10000O10000O100000000O101O0000000O10001O0O1000000O2O001N101O00001N100000000000001O000001O000001O000001O001O000010O000001O01O000010O01O00010O010O0100O[HXLg5h3WJ\\Lh5d3UJ_Lj5b3SJbLl5`3gIkLX6U50O010O10OO2O1N2N2M3N2N1O2N2K5I7H9J5I7K5N2M30001O1O11N2N5K3M0O11O002N1O1O1N010N2N3mMjGkNY8l0XHhNo7k0_2J7I6K4L5J`_\\2"}, {"size": [427, 640], "counts": "c3j0_<3O1N10000000000000000001O2N5K2N100O00007IIF[C<e<DZC=m<L10fm7F\\RH=E7N1N2O10O2M2O101N10001N2O1N3Mjl`7"}, {"size": [427, 640], "counts": "WfX64S=5M2O1O010O1O1O1O10000O100000001O001O00O100O1000000O10000000001O01000O010O0O2N1NPSa1"}, {"size": [427, 640],